{
  "SARIMA": {
    "model": "SARIMA",
    "MAE": 0.932525498844067,
    "RMSE": 1.1124775541547758,
    "MAPE": 3.2382602789834314,
    "R2": -0.09777923550902567
  },
  "Prophet": {
    "model": "Prophet",
    "MAE": 0.7255525843599593,
    "RMSE": 0.8836210525050718,
    "MAPE": 2.5579896138241853,
    "R2": 0.30742851519213166
  },
  "LSTM": {
    "model": "LSTM",
    "MAE": 0.4897908736464059,
    "RMSE": 0.6292590532564468,
    "MAPE": 1.7008151592566259,
    "R2": 0.6486854492170759
  }
}