{
  "SARIMA": {
    "model": "SARIMA",
    "MAE": 0.932525498844067,
    "RMSE": 1.1124775541547758,
    "MAPE": 3.2382602789834314,
    "R2": -0.09777923550902567
  }
}